i00236471.png	I?AB?roVG
i00684151.png	I?BD?pWlG
i00686454.png	I?BD?pwlG
i00858084.png	I?B@dJGv?
i01871549.png	I?`@d`pJW
i01872095.png	I?`@d`hLw
i01908348.png	I?`@dDpFW
i02560841.png	I?bB@aWR?
i02560847.png	I?bB@aWI_
i02564084.png	I?bB@`sZG
i02564094.png	I?bB@`sJg
i02564150.png	I?bB@`sZg
i02564765.png	I?bB@`kLg
i02564819.png	I?bB@`k\g
i02565255.png	I?bB@`[qg
i02565259.png	I?bB@`[Mg
i02565265.png	I?bB@`[Lg
i02565341.png	I?bB@`[\g
i02572147.png	I?bB@`uZg
i02685103.png	I?bBBhsZo
i02685602.png	I?bBBhk\G
i02685667.png	I?bBBhk\g
i02690475.png	I?bBBhm\g
i02804872.png	I?b@b`sZW
i02805352.png	I?b@b`kXO
i02805395.png	I?b@b`kZO
i02805454.png	I?b@b`kzO
i02809733.png	I?b@b_xhW
i02810108.png	I?b@badMw
i02810967.png	I?b@b_l\G
i02811059.png	I?b@b_l\g
i02812378.png	I?b@b_jdW
i02815672.png	I?b@b`lz?
i02815733.png	I?b@b`l\g
i02928495.png	I?b@bdsJW
i02928554.png	I?b@bdsZW
i03093263.png	I?bBb`mzO
i03576027.png	I?`bCaWR?
i03576303.png	I?`bC`SUO
i03576323.png	I?`bC`SRG
i03576362.png	I?`bC`SVO
i03576363.png	I?`bC`SNO
i03576456.png	I?`bC`SVW
i03626849.png	I?`afBXZW
i03626861.png	I?`afBXUw
i03641442.png	I?`abacYW
i03641489.png	I?`abacZW
i03643714.png	I?`abbdUw
i03668638.png	I?`aeHpUw
i03668735.png	I?`aeHX[W
i03668772.png	I?`aeHXyW
i03707811.png	I?`aaj`Uw
i03744338.png	I?`afJgUW
i03918058.png	I?`efBXUw
i04056369.png	I?`efFWUw
i04095396.png	I?`ectyug
i04101576.png	I?`eavYyg
i04155437.png	I?`bf@Z\W
i04171019.png	I?`bbbeUw
i04219015.png	I?`bfDsQw
i04219076.png	I?`bfDsUw
i04227500.png	I?`bedtZW
i04352340.png	I?`cvBQuW
i04354526.png	I?`cv@LuO
i04354602.png	I?`cv@LmW
i04356693.png	I?`cvBTmW
i04462100.png	I?`eKrqmg
i06076559.png	I?r@`awwg
i06076586.png	I?r@`awxg
i06076865.png	I?r@`bilW
i06077330.png	I?r@dawJW
i06077380.png	I?r@dawZW
i06080214.png	I?r@dayZW
i06080666.png	I?r@dbhdw
i06081560.png	I?r@`ewwg
i06081593.png	I?r@`ewxg
i06089852.png	I?r@drgjG
i06089879.png	I?r@drgcw
i06089950.png	I?r@drgZW
i06090107.png	I?r@dpwwW
i06090149.png	I?r@dpwxW
i06090811.png	I?r@dqqJW
i06090870.png	I?r@dqqZW
i06091936.png	I?r@dpyxW
i06092455.png	I?r@drdZW
i06178580.png	I?qa``kpg
i06184074.png	I?qadaYeo
i06184096.png	I?qadaYUW
i06184130.png	I?qadaYuo
i06184180.png	I?qadaYsw
i06189308.png	I?qadbRqw
i06190318.png	I?qadRguW
i06192878.png	I?qadRPyG
i06192915.png	I?qadRPzG
i06193061.png	I?qadRBlW
i06195636.png	I?qadRXzG
i06195926.png	I?qadQtqw
i06205985.png	I?qacipsg
i06206002.png	I?qacipiW
i06206081.png	I?qacipsw
i06226848.png	I?qafQksW
i06226849.png	I?qafQk[W
i06226925.png	I?qafQkuW
i06292855.png	I?qabZkVO
i06292987.png	I?qabZ[zG
i06874550.png	I?ovEar[o
i06874554.png	I?ovEarLo
i06874570.png	I?ovEar\o
i06877439.png	I?ovDauYw
i06877441.png	I?ovDaudw
i06932994.png	I?ovDduuW
i06973381.png	I?ov@mu]g
i06973391.png	I?ov@mukw
i07012180.png	I?ouVAxNO
i07012196.png	I?ouVAx^O
i07014346.png	I?ouTbgww
i07019431.png	I?ouPiwxG
i07021319.png	I?ouValsw
i07173942.png	I?otRlu{o
i08158333.png	ICOeeVorG
i08412713.png	ICQefRXew
i10294363.png	ICpbUrY^g
i10322980.png	ICpbUvY^o
i10326536.png	ICpbR\{Zg
i10402255.png	ICperzw^G
i10521723.png	ICpfvp{^_
i10810658.png	ICXefPVtW
i10819267.png	ICXeeZXUw
i11237257.png	ICXmfbhTw
i11240450.png	ICXmerb\W
i11569653.png	IEhfvp{^_
i11570337.png	IEhfrx}}O
i11716242.png	IUzvvz}^o
